insert into schedule_template (id, gym_id, class_type_id, weekday, start_time, duration_min, capacity, is_active) values
('5eed0000-0000-4000-8000-000000000001','daa1c888-192b-4cf6-9fc0-023e314a803f','205d967f-6f0f-4e2d-8973-74f8cd27c5b0',0,'07:00',45,20,true),
('5eed0000-0000-4000-8000-000000000002','daa1c888-192b-4cf6-9fc0-023e314a803f','3b1f31bb-254f-423a-904e-3a5f7c784b81',0,'12:30',60,16,true),
('5eed0000-0000-4000-8000-000000000003','daa1c888-192b-4cf6-9fc0-023e314a803f','70b8bc52-cd56-41ed-ac3c-863000076b08',0,'19:15',45,16,true),
('5eed0000-0000-4000-8000-000000000004','daa1c888-192b-4cf6-9fc0-023e314a803f','70b8bc52-cd56-41ed-ac3c-863000076b08',1,'19:15',45,16,true),
('5eed0000-0000-4000-8000-000000000005','daa1c888-192b-4cf6-9fc0-023e314a803f','205d967f-6f0f-4e2d-8973-74f8cd27c5b0',2,'07:00',45,20,true),
('5eed0000-0000-4000-8000-000000000006','daa1c888-192b-4cf6-9fc0-023e314a803f','3b1f31bb-254f-423a-904e-3a5f7c784b81',2,'12:30',60,16,true),
('5eed0000-0000-4000-8000-000000000007','daa1c888-192b-4cf6-9fc0-023e314a803f','70b8bc52-cd56-41ed-ac3c-863000076b08',2,'19:15',45,16,true),
('5eed0000-0000-4000-8000-000000000008','daa1c888-192b-4cf6-9fc0-023e314a803f','8d781a85-8384-46a4-b393-62e5ee10b59f',3,'18:00',45,12,true),
('5eed0000-0000-4000-8000-000000000009','daa1c888-192b-4cf6-9fc0-023e314a803f','70b8bc52-cd56-41ed-ac3c-863000076b08',3,'19:15',45,16,true),
('5eed0000-0000-4000-8000-000000000010','daa1c888-192b-4cf6-9fc0-023e314a803f','205d967f-6f0f-4e2d-8973-74f8cd27c5b0',4,'07:00',45,20,true),
('5eed0000-0000-4000-8000-000000000011','daa1c888-192b-4cf6-9fc0-023e314a803f','8d781a85-8384-46a4-b393-62e5ee10b59f',4,'18:00',45,12,true),
('5eed0000-0000-4000-8000-000000000012','daa1c888-192b-4cf6-9fc0-023e314a803f','3b1f31bb-254f-423a-904e-3a5f7c784b81',4,'19:15',60,20,true),
('5eed0000-0000-4000-8000-000000000013','daa1c888-192b-4cf6-9fc0-023e314a803f','70b8bc52-cd56-41ed-ac3c-863000076b08',5,'09:00',60,20,true),
('5eed0000-0000-4000-8000-000000000014','daa1c888-192b-4cf6-9fc0-023e314a803f','3b1f31bb-254f-423a-904e-3a5f7c784b81',5,'10:15',60,20,true),
('5eed0000-0000-4000-8000-000000000015','daa1c888-192b-4cf6-9fc0-023e314a803f','8d781a85-8384-46a4-b393-62e5ee10b59f',5,'11:30',60,12,true);
insert into schedule_template_coach (gym_id, template_id, coach_id) values
('daa1c888-192b-4cf6-9fc0-023e314a803f','5eed0000-0000-4000-8000-000000000001','b84ebc0f-63e1-41a5-8592-04cdd155c0d0'),
('daa1c888-192b-4cf6-9fc0-023e314a803f','5eed0000-0000-4000-8000-000000000002','57e35af8-dce8-411d-82fe-80ea37f85522'),
('daa1c888-192b-4cf6-9fc0-023e314a803f','5eed0000-0000-4000-8000-000000000003','0f332962-2757-44c9-82ba-67074fb1e006'),
('daa1c888-192b-4cf6-9fc0-023e314a803f','5eed0000-0000-4000-8000-000000000004','0f332962-2757-44c9-82ba-67074fb1e006'),
('daa1c888-192b-4cf6-9fc0-023e314a803f','5eed0000-0000-4000-8000-000000000005','b84ebc0f-63e1-41a5-8592-04cdd155c0d0'),
('daa1c888-192b-4cf6-9fc0-023e314a803f','5eed0000-0000-4000-8000-000000000006','57e35af8-dce8-411d-82fe-80ea37f85522'),
('daa1c888-192b-4cf6-9fc0-023e314a803f','5eed0000-0000-4000-8000-000000000007','0f332962-2757-44c9-82ba-67074fb1e006'),
('daa1c888-192b-4cf6-9fc0-023e314a803f','5eed0000-0000-4000-8000-000000000008','57e35af8-dce8-411d-82fe-80ea37f85522'),
('daa1c888-192b-4cf6-9fc0-023e314a803f','5eed0000-0000-4000-8000-000000000009','0f332962-2757-44c9-82ba-67074fb1e006'),
('daa1c888-192b-4cf6-9fc0-023e314a803f','5eed0000-0000-4000-8000-000000000010','b84ebc0f-63e1-41a5-8592-04cdd155c0d0'),
('daa1c888-192b-4cf6-9fc0-023e314a803f','5eed0000-0000-4000-8000-000000000011','57e35af8-dce8-411d-82fe-80ea37f85522'),
('daa1c888-192b-4cf6-9fc0-023e314a803f','5eed0000-0000-4000-8000-000000000012','b84ebc0f-63e1-41a5-8592-04cdd155c0d0'),
('daa1c888-192b-4cf6-9fc0-023e314a803f','5eed0000-0000-4000-8000-000000000012','57e35af8-dce8-411d-82fe-80ea37f85522'),
('daa1c888-192b-4cf6-9fc0-023e314a803f','5eed0000-0000-4000-8000-000000000013','0f332962-2757-44c9-82ba-67074fb1e006'),
('daa1c888-192b-4cf6-9fc0-023e314a803f','5eed0000-0000-4000-8000-000000000014','57e35af8-dce8-411d-82fe-80ea37f85522'),
('daa1c888-192b-4cf6-9fc0-023e314a803f','5eed0000-0000-4000-8000-000000000015','b84ebc0f-63e1-41a5-8592-04cdd155c0d0') on conflict do nothing;
insert into schedule_template_week (gym_id, template_id, week_start) values
('daa1c888-192b-4cf6-9fc0-023e314a803f','a9ec5e4c-3a67-4a59-acb2-e118df8aad91','2026-06-01'),
('daa1c888-192b-4cf6-9fc0-023e314a803f','a9ec5e4c-3a67-4a59-acb2-e118df8aad91','2026-06-08'),
('daa1c888-192b-4cf6-9fc0-023e314a803f','a9ec5e4c-3a67-4a59-acb2-e118df8aad91','2026-06-15'),
('daa1c888-192b-4cf6-9fc0-023e314a803f','a9ec5e4c-3a67-4a59-acb2-e118df8aad91','2026-06-22'),
('daa1c888-192b-4cf6-9fc0-023e314a803f','a9ec5e4c-3a67-4a59-acb2-e118df8aad91','2026-06-29'),
('daa1c888-192b-4cf6-9fc0-023e314a803f','a9ec5e4c-3a67-4a59-acb2-e118df8aad91','2026-07-06'),
('daa1c888-192b-4cf6-9fc0-023e314a803f','a9ec5e4c-3a67-4a59-acb2-e118df8aad91','2026-07-13'),
('daa1c888-192b-4cf6-9fc0-023e314a803f','a9ec5e4c-3a67-4a59-acb2-e118df8aad91','2026-07-20'),
('daa1c888-192b-4cf6-9fc0-023e314a803f','a9ec5e4c-3a67-4a59-acb2-e118df8aad91','2026-07-27'),
('daa1c888-192b-4cf6-9fc0-023e314a803f','a9ec5e4c-3a67-4a59-acb2-e118df8aad91','2026-08-03'),
('daa1c888-192b-4cf6-9fc0-023e314a803f','a9ec5e4c-3a67-4a59-acb2-e118df8aad91','2026-08-10'),
('daa1c888-192b-4cf6-9fc0-023e314a803f','0b38d34c-008d-406a-855e-0b23bd04a3b1','2026-06-01'),
('daa1c888-192b-4cf6-9fc0-023e314a803f','0b38d34c-008d-406a-855e-0b23bd04a3b1','2026-06-08'),
('daa1c888-192b-4cf6-9fc0-023e314a803f','0b38d34c-008d-406a-855e-0b23bd04a3b1','2026-06-15'),
('daa1c888-192b-4cf6-9fc0-023e314a803f','0b38d34c-008d-406a-855e-0b23bd04a3b1','2026-06-22'),
('daa1c888-192b-4cf6-9fc0-023e314a803f','0b38d34c-008d-406a-855e-0b23bd04a3b1','2026-06-29'),
('daa1c888-192b-4cf6-9fc0-023e314a803f','0b38d34c-008d-406a-855e-0b23bd04a3b1','2026-07-06'),
('daa1c888-192b-4cf6-9fc0-023e314a803f','0b38d34c-008d-406a-855e-0b23bd04a3b1','2026-07-13'),
('daa1c888-192b-4cf6-9fc0-023e314a803f','0b38d34c-008d-406a-855e-0b23bd04a3b1','2026-07-20'),
('daa1c888-192b-4cf6-9fc0-023e314a803f','0b38d34c-008d-406a-855e-0b23bd04a3b1','2026-07-27'),
('daa1c888-192b-4cf6-9fc0-023e314a803f','0b38d34c-008d-406a-855e-0b23bd04a3b1','2026-08-03'),
('daa1c888-192b-4cf6-9fc0-023e314a803f','0b38d34c-008d-406a-855e-0b23bd04a3b1','2026-08-10'),
('daa1c888-192b-4cf6-9fc0-023e314a803f','7111399a-aba6-4a76-a1b6-6e29ce1a7be4','2026-06-01'),
('daa1c888-192b-4cf6-9fc0-023e314a803f','7111399a-aba6-4a76-a1b6-6e29ce1a7be4','2026-06-08'),
('daa1c888-192b-4cf6-9fc0-023e314a803f','7111399a-aba6-4a76-a1b6-6e29ce1a7be4','2026-06-15'),
('daa1c888-192b-4cf6-9fc0-023e314a803f','7111399a-aba6-4a76-a1b6-6e29ce1a7be4','2026-06-22'),
('daa1c888-192b-4cf6-9fc0-023e314a803f','7111399a-aba6-4a76-a1b6-6e29ce1a7be4','2026-06-29'),
('daa1c888-192b-4cf6-9fc0-023e314a803f','7111399a-aba6-4a76-a1b6-6e29ce1a7be4','2026-07-06'),
('daa1c888-192b-4cf6-9fc0-023e314a803f','7111399a-aba6-4a76-a1b6-6e29ce1a7be4','2026-07-13'),
('daa1c888-192b-4cf6-9fc0-023e314a803f','7111399a-aba6-4a76-a1b6-6e29ce1a7be4','2026-07-20'),
('daa1c888-192b-4cf6-9fc0-023e314a803f','7111399a-aba6-4a76-a1b6-6e29ce1a7be4','2026-07-27'),
('daa1c888-192b-4cf6-9fc0-023e314a803f','7111399a-aba6-4a76-a1b6-6e29ce1a7be4','2026-08-03'),
('daa1c888-192b-4cf6-9fc0-023e314a803f','7111399a-aba6-4a76-a1b6-6e29ce1a7be4','2026-08-10'),
('daa1c888-192b-4cf6-9fc0-023e314a803f','b939bfb7-1e35-4ae8-8b8e-6c77eebf6855','2026-06-01'),
('daa1c888-192b-4cf6-9fc0-023e314a803f','b939bfb7-1e35-4ae8-8b8e-6c77eebf6855','2026-06-08'),
('daa1c888-192b-4cf6-9fc0-023e314a803f','b939bfb7-1e35-4ae8-8b8e-6c77eebf6855','2026-06-15'),
('daa1c888-192b-4cf6-9fc0-023e314a803f','b939bfb7-1e35-4ae8-8b8e-6c77eebf6855','2026-06-22'),
('daa1c888-192b-4cf6-9fc0-023e314a803f','b939bfb7-1e35-4ae8-8b8e-6c77eebf6855','2026-06-29'),
('daa1c888-192b-4cf6-9fc0-023e314a803f','b939bfb7-1e35-4ae8-8b8e-6c77eebf6855','2026-07-06'),
('daa1c888-192b-4cf6-9fc0-023e314a803f','b939bfb7-1e35-4ae8-8b8e-6c77eebf6855','2026-07-13'),
('daa1c888-192b-4cf6-9fc0-023e314a803f','b939bfb7-1e35-4ae8-8b8e-6c77eebf6855','2026-07-20'),
('daa1c888-192b-4cf6-9fc0-023e314a803f','b939bfb7-1e35-4ae8-8b8e-6c77eebf6855','2026-07-27'),
('daa1c888-192b-4cf6-9fc0-023e314a803f','b939bfb7-1e35-4ae8-8b8e-6c77eebf6855','2026-08-03'),
('daa1c888-192b-4cf6-9fc0-023e314a803f','b939bfb7-1e35-4ae8-8b8e-6c77eebf6855','2026-08-10'),
('daa1c888-192b-4cf6-9fc0-023e314a803f','3d4a04c4-5c2a-4359-8339-8c1a6f094cb5','2026-06-01'),
('daa1c888-192b-4cf6-9fc0-023e314a803f','3d4a04c4-5c2a-4359-8339-8c1a6f094cb5','2026-06-08'),
('daa1c888-192b-4cf6-9fc0-023e314a803f','3d4a04c4-5c2a-4359-8339-8c1a6f094cb5','2026-06-15'),
('daa1c888-192b-4cf6-9fc0-023e314a803f','3d4a04c4-5c2a-4359-8339-8c1a6f094cb5','2026-06-22'),
('daa1c888-192b-4cf6-9fc0-023e314a803f','3d4a04c4-5c2a-4359-8339-8c1a6f094cb5','2026-06-29'),
('daa1c888-192b-4cf6-9fc0-023e314a803f','3d4a04c4-5c2a-4359-8339-8c1a6f094cb5','2026-07-06'),
('daa1c888-192b-4cf6-9fc0-023e314a803f','3d4a04c4-5c2a-4359-8339-8c1a6f094cb5','2026-07-13'),
('daa1c888-192b-4cf6-9fc0-023e314a803f','3d4a04c4-5c2a-4359-8339-8c1a6f094cb5','2026-07-20'),
('daa1c888-192b-4cf6-9fc0-023e314a803f','3d4a04c4-5c2a-4359-8339-8c1a6f094cb5','2026-07-27'),
('daa1c888-192b-4cf6-9fc0-023e314a803f','3d4a04c4-5c2a-4359-8339-8c1a6f094cb5','2026-08-03'),
('daa1c888-192b-4cf6-9fc0-023e314a803f','3d4a04c4-5c2a-4359-8339-8c1a6f094cb5','2026-08-10'),
('daa1c888-192b-4cf6-9fc0-023e314a803f','5eed0000-0000-4000-8000-000000000001','2026-06-01'),
('daa1c888-192b-4cf6-9fc0-023e314a803f','5eed0000-0000-4000-8000-000000000001','2026-06-08'),
('daa1c888-192b-4cf6-9fc0-023e314a803f','5eed0000-0000-4000-8000-000000000001','2026-06-15'),
('daa1c888-192b-4cf6-9fc0-023e314a803f','5eed0000-0000-4000-8000-000000000001','2026-06-22'),
('daa1c888-192b-4cf6-9fc0-023e314a803f','5eed0000-0000-4000-8000-000000000001','2026-06-29'),
('daa1c888-192b-4cf6-9fc0-023e314a803f','5eed0000-0000-4000-8000-000000000001','2026-07-06'),
('daa1c888-192b-4cf6-9fc0-023e314a803f','5eed0000-0000-4000-8000-000000000001','2026-07-13'),
('daa1c888-192b-4cf6-9fc0-023e314a803f','5eed0000-0000-4000-8000-000000000001','2026-07-20'),
('daa1c888-192b-4cf6-9fc0-023e314a803f','5eed0000-0000-4000-8000-000000000001','2026-07-27'),
('daa1c888-192b-4cf6-9fc0-023e314a803f','5eed0000-0000-4000-8000-000000000001','2026-08-03'),
('daa1c888-192b-4cf6-9fc0-023e314a803f','5eed0000-0000-4000-8000-000000000001','2026-08-10'),
('daa1c888-192b-4cf6-9fc0-023e314a803f','5eed0000-0000-4000-8000-000000000002','2026-06-01'),
('daa1c888-192b-4cf6-9fc0-023e314a803f','5eed0000-0000-4000-8000-000000000002','2026-06-08'),
('daa1c888-192b-4cf6-9fc0-023e314a803f','5eed0000-0000-4000-8000-000000000002','2026-06-15'),
('daa1c888-192b-4cf6-9fc0-023e314a803f','5eed0000-0000-4000-8000-000000000002','2026-06-22'),
('daa1c888-192b-4cf6-9fc0-023e314a803f','5eed0000-0000-4000-8000-000000000002','2026-06-29'),
('daa1c888-192b-4cf6-9fc0-023e314a803f','5eed0000-0000-4000-8000-000000000002','2026-07-06'),
('daa1c888-192b-4cf6-9fc0-023e314a803f','5eed0000-0000-4000-8000-000000000002','2026-07-13'),
('daa1c888-192b-4cf6-9fc0-023e314a803f','5eed0000-0000-4000-8000-000000000002','2026-07-20'),
('daa1c888-192b-4cf6-9fc0-023e314a803f','5eed0000-0000-4000-8000-000000000002','2026-07-27'),
('daa1c888-192b-4cf6-9fc0-023e314a803f','5eed0000-0000-4000-8000-000000000002','2026-08-03'),
('daa1c888-192b-4cf6-9fc0-023e314a803f','5eed0000-0000-4000-8000-000000000002','2026-08-10'),
('daa1c888-192b-4cf6-9fc0-023e314a803f','5eed0000-0000-4000-8000-000000000003','2026-06-01'),
('daa1c888-192b-4cf6-9fc0-023e314a803f','5eed0000-0000-4000-8000-000000000003','2026-06-08'),
('daa1c888-192b-4cf6-9fc0-023e314a803f','5eed0000-0000-4000-8000-000000000003','2026-06-15'),
('daa1c888-192b-4cf6-9fc0-023e314a803f','5eed0000-0000-4000-8000-000000000003','2026-06-22'),
('daa1c888-192b-4cf6-9fc0-023e314a803f','5eed0000-0000-4000-8000-000000000003','2026-06-29'),
('daa1c888-192b-4cf6-9fc0-023e314a803f','5eed0000-0000-4000-8000-000000000003','2026-07-06'),
('daa1c888-192b-4cf6-9fc0-023e314a803f','5eed0000-0000-4000-8000-000000000003','2026-07-13'),
('daa1c888-192b-4cf6-9fc0-023e314a803f','5eed0000-0000-4000-8000-000000000003','2026-07-20'),
('daa1c888-192b-4cf6-9fc0-023e314a803f','5eed0000-0000-4000-8000-000000000003','2026-07-27'),
('daa1c888-192b-4cf6-9fc0-023e314a803f','5eed0000-0000-4000-8000-000000000003','2026-08-03'),
('daa1c888-192b-4cf6-9fc0-023e314a803f','5eed0000-0000-4000-8000-000000000003','2026-08-10'),
('daa1c888-192b-4cf6-9fc0-023e314a803f','5eed0000-0000-4000-8000-000000000004','2026-06-01'),
('daa1c888-192b-4cf6-9fc0-023e314a803f','5eed0000-0000-4000-8000-000000000004','2026-06-08'),
('daa1c888-192b-4cf6-9fc0-023e314a803f','5eed0000-0000-4000-8000-000000000004','2026-06-15'),
('daa1c888-192b-4cf6-9fc0-023e314a803f','5eed0000-0000-4000-8000-000000000004','2026-06-22'),
('daa1c888-192b-4cf6-9fc0-023e314a803f','5eed0000-0000-4000-8000-000000000004','2026-06-29'),
('daa1c888-192b-4cf6-9fc0-023e314a803f','5eed0000-0000-4000-8000-000000000004','2026-07-06'),
('daa1c888-192b-4cf6-9fc0-023e314a803f','5eed0000-0000-4000-8000-000000000004','2026-07-13'),
('daa1c888-192b-4cf6-9fc0-023e314a803f','5eed0000-0000-4000-8000-000000000004','2026-07-20'),
('daa1c888-192b-4cf6-9fc0-023e314a803f','5eed0000-0000-4000-8000-000000000004','2026-07-27'),
('daa1c888-192b-4cf6-9fc0-023e314a803f','5eed0000-0000-4000-8000-000000000004','2026-08-03'),
('daa1c888-192b-4cf6-9fc0-023e314a803f','5eed0000-0000-4000-8000-000000000004','2026-08-10'),
('daa1c888-192b-4cf6-9fc0-023e314a803f','5eed0000-0000-4000-8000-000000000005','2026-06-01'),
('daa1c888-192b-4cf6-9fc0-023e314a803f','5eed0000-0000-4000-8000-000000000005','2026-06-08'),
('daa1c888-192b-4cf6-9fc0-023e314a803f','5eed0000-0000-4000-8000-000000000005','2026-06-15'),
('daa1c888-192b-4cf6-9fc0-023e314a803f','5eed0000-0000-4000-8000-000000000005','2026-06-22'),
('daa1c888-192b-4cf6-9fc0-023e314a803f','5eed0000-0000-4000-8000-000000000005','2026-06-29'),
('daa1c888-192b-4cf6-9fc0-023e314a803f','5eed0000-0000-4000-8000-000000000005','2026-07-06'),
('daa1c888-192b-4cf6-9fc0-023e314a803f','5eed0000-0000-4000-8000-000000000005','2026-07-13'),
('daa1c888-192b-4cf6-9fc0-023e314a803f','5eed0000-0000-4000-8000-000000000005','2026-07-20'),
('daa1c888-192b-4cf6-9fc0-023e314a803f','5eed0000-0000-4000-8000-000000000005','2026-07-27'),
('daa1c888-192b-4cf6-9fc0-023e314a803f','5eed0000-0000-4000-8000-000000000005','2026-08-03'),
('daa1c888-192b-4cf6-9fc0-023e314a803f','5eed0000-0000-4000-8000-000000000005','2026-08-10'),
('daa1c888-192b-4cf6-9fc0-023e314a803f','5eed0000-0000-4000-8000-000000000006','2026-06-01'),
('daa1c888-192b-4cf6-9fc0-023e314a803f','5eed0000-0000-4000-8000-000000000006','2026-06-08'),
('daa1c888-192b-4cf6-9fc0-023e314a803f','5eed0000-0000-4000-8000-000000000006','2026-06-15'),
('daa1c888-192b-4cf6-9fc0-023e314a803f','5eed0000-0000-4000-8000-000000000006','2026-06-22'),
('daa1c888-192b-4cf6-9fc0-023e314a803f','5eed0000-0000-4000-8000-000000000006','2026-06-29'),
('daa1c888-192b-4cf6-9fc0-023e314a803f','5eed0000-0000-4000-8000-000000000006','2026-07-06'),
('daa1c888-192b-4cf6-9fc0-023e314a803f','5eed0000-0000-4000-8000-000000000006','2026-07-13'),
('daa1c888-192b-4cf6-9fc0-023e314a803f','5eed0000-0000-4000-8000-000000000006','2026-07-20'),
('daa1c888-192b-4cf6-9fc0-023e314a803f','5eed0000-0000-4000-8000-000000000006','2026-07-27'),
('daa1c888-192b-4cf6-9fc0-023e314a803f','5eed0000-0000-4000-8000-000000000006','2026-08-03'),
('daa1c888-192b-4cf6-9fc0-023e314a803f','5eed0000-0000-4000-8000-000000000006','2026-08-10'),
('daa1c888-192b-4cf6-9fc0-023e314a803f','5eed0000-0000-4000-8000-000000000007','2026-06-01'),
('daa1c888-192b-4cf6-9fc0-023e314a803f','5eed0000-0000-4000-8000-000000000007','2026-06-08'),
('daa1c888-192b-4cf6-9fc0-023e314a803f','5eed0000-0000-4000-8000-000000000007','2026-06-15'),
('daa1c888-192b-4cf6-9fc0-023e314a803f','5eed0000-0000-4000-8000-000000000007','2026-06-22'),
('daa1c888-192b-4cf6-9fc0-023e314a803f','5eed0000-0000-4000-8000-000000000007','2026-06-29'),
('daa1c888-192b-4cf6-9fc0-023e314a803f','5eed0000-0000-4000-8000-000000000007','2026-07-06'),
('daa1c888-192b-4cf6-9fc0-023e314a803f','5eed0000-0000-4000-8000-000000000007','2026-07-13'),
('daa1c888-192b-4cf6-9fc0-023e314a803f','5eed0000-0000-4000-8000-000000000007','2026-07-20'),
('daa1c888-192b-4cf6-9fc0-023e314a803f','5eed0000-0000-4000-8000-000000000007','2026-07-27'),
('daa1c888-192b-4cf6-9fc0-023e314a803f','5eed0000-0000-4000-8000-000000000007','2026-08-03'),
('daa1c888-192b-4cf6-9fc0-023e314a803f','5eed0000-0000-4000-8000-000000000007','2026-08-10'),
('daa1c888-192b-4cf6-9fc0-023e314a803f','5eed0000-0000-4000-8000-000000000008','2026-06-01'),
('daa1c888-192b-4cf6-9fc0-023e314a803f','5eed0000-0000-4000-8000-000000000008','2026-06-08'),
('daa1c888-192b-4cf6-9fc0-023e314a803f','5eed0000-0000-4000-8000-000000000008','2026-06-15'),
('daa1c888-192b-4cf6-9fc0-023e314a803f','5eed0000-0000-4000-8000-000000000008','2026-06-22'),
('daa1c888-192b-4cf6-9fc0-023e314a803f','5eed0000-0000-4000-8000-000000000008','2026-06-29'),
('daa1c888-192b-4cf6-9fc0-023e314a803f','5eed0000-0000-4000-8000-000000000008','2026-07-06'),
('daa1c888-192b-4cf6-9fc0-023e314a803f','5eed0000-0000-4000-8000-000000000008','2026-07-13'),
('daa1c888-192b-4cf6-9fc0-023e314a803f','5eed0000-0000-4000-8000-000000000008','2026-07-20'),
('daa1c888-192b-4cf6-9fc0-023e314a803f','5eed0000-0000-4000-8000-000000000008','2026-07-27'),
('daa1c888-192b-4cf6-9fc0-023e314a803f','5eed0000-0000-4000-8000-000000000008','2026-08-03'),
('daa1c888-192b-4cf6-9fc0-023e314a803f','5eed0000-0000-4000-8000-000000000008','2026-08-10'),
('daa1c888-192b-4cf6-9fc0-023e314a803f','5eed0000-0000-4000-8000-000000000009','2026-06-01'),
('daa1c888-192b-4cf6-9fc0-023e314a803f','5eed0000-0000-4000-8000-000000000009','2026-06-08'),
('daa1c888-192b-4cf6-9fc0-023e314a803f','5eed0000-0000-4000-8000-000000000009','2026-06-15'),
('daa1c888-192b-4cf6-9fc0-023e314a803f','5eed0000-0000-4000-8000-000000000009','2026-06-22'),
('daa1c888-192b-4cf6-9fc0-023e314a803f','5eed0000-0000-4000-8000-000000000009','2026-06-29'),
('daa1c888-192b-4cf6-9fc0-023e314a803f','5eed0000-0000-4000-8000-000000000009','2026-07-06'),
('daa1c888-192b-4cf6-9fc0-023e314a803f','5eed0000-0000-4000-8000-000000000009','2026-07-13'),
('daa1c888-192b-4cf6-9fc0-023e314a803f','5eed0000-0000-4000-8000-000000000009','2026-07-20'),
('daa1c888-192b-4cf6-9fc0-023e314a803f','5eed0000-0000-4000-8000-000000000009','2026-07-27'),
('daa1c888-192b-4cf6-9fc0-023e314a803f','5eed0000-0000-4000-8000-000000000009','2026-08-03'),
('daa1c888-192b-4cf6-9fc0-023e314a803f','5eed0000-0000-4000-8000-000000000009','2026-08-10'),
('daa1c888-192b-4cf6-9fc0-023e314a803f','5eed0000-0000-4000-8000-000000000010','2026-06-01'),
('daa1c888-192b-4cf6-9fc0-023e314a803f','5eed0000-0000-4000-8000-000000000010','2026-06-08'),
('daa1c888-192b-4cf6-9fc0-023e314a803f','5eed0000-0000-4000-8000-000000000010','2026-06-15'),
('daa1c888-192b-4cf6-9fc0-023e314a803f','5eed0000-0000-4000-8000-000000000010','2026-06-22'),
('daa1c888-192b-4cf6-9fc0-023e314a803f','5eed0000-0000-4000-8000-000000000010','2026-06-29'),
('daa1c888-192b-4cf6-9fc0-023e314a803f','5eed0000-0000-4000-8000-000000000010','2026-07-06'),
('daa1c888-192b-4cf6-9fc0-023e314a803f','5eed0000-0000-4000-8000-000000000010','2026-07-13'),
('daa1c888-192b-4cf6-9fc0-023e314a803f','5eed0000-0000-4000-8000-000000000010','2026-07-20'),
('daa1c888-192b-4cf6-9fc0-023e314a803f','5eed0000-0000-4000-8000-000000000010','2026-07-27'),
('daa1c888-192b-4cf6-9fc0-023e314a803f','5eed0000-0000-4000-8000-000000000010','2026-08-03'),
('daa1c888-192b-4cf6-9fc0-023e314a803f','5eed0000-0000-4000-8000-000000000010','2026-08-10'),
('daa1c888-192b-4cf6-9fc0-023e314a803f','5eed0000-0000-4000-8000-000000000011','2026-06-01'),
('daa1c888-192b-4cf6-9fc0-023e314a803f','5eed0000-0000-4000-8000-000000000011','2026-06-08'),
('daa1c888-192b-4cf6-9fc0-023e314a803f','5eed0000-0000-4000-8000-000000000011','2026-06-15'),
('daa1c888-192b-4cf6-9fc0-023e314a803f','5eed0000-0000-4000-8000-000000000011','2026-06-22'),
('daa1c888-192b-4cf6-9fc0-023e314a803f','5eed0000-0000-4000-8000-000000000011','2026-06-29'),
('daa1c888-192b-4cf6-9fc0-023e314a803f','5eed0000-0000-4000-8000-000000000011','2026-07-06'),
('daa1c888-192b-4cf6-9fc0-023e314a803f','5eed0000-0000-4000-8000-000000000011','2026-07-13'),
('daa1c888-192b-4cf6-9fc0-023e314a803f','5eed0000-0000-4000-8000-000000000011','2026-07-20'),
('daa1c888-192b-4cf6-9fc0-023e314a803f','5eed0000-0000-4000-8000-000000000011','2026-07-27'),
('daa1c888-192b-4cf6-9fc0-023e314a803f','5eed0000-0000-4000-8000-000000000011','2026-08-03'),
('daa1c888-192b-4cf6-9fc0-023e314a803f','5eed0000-0000-4000-8000-000000000011','2026-08-10'),
('daa1c888-192b-4cf6-9fc0-023e314a803f','5eed0000-0000-4000-8000-000000000012','2026-06-01'),
('daa1c888-192b-4cf6-9fc0-023e314a803f','5eed0000-0000-4000-8000-000000000012','2026-06-08'),
('daa1c888-192b-4cf6-9fc0-023e314a803f','5eed0000-0000-4000-8000-000000000012','2026-06-15'),
('daa1c888-192b-4cf6-9fc0-023e314a803f','5eed0000-0000-4000-8000-000000000012','2026-06-22'),
('daa1c888-192b-4cf6-9fc0-023e314a803f','5eed0000-0000-4000-8000-000000000012','2026-06-29'),
('daa1c888-192b-4cf6-9fc0-023e314a803f','5eed0000-0000-4000-8000-000000000012','2026-07-06'),
('daa1c888-192b-4cf6-9fc0-023e314a803f','5eed0000-0000-4000-8000-000000000012','2026-07-13'),
('daa1c888-192b-4cf6-9fc0-023e314a803f','5eed0000-0000-4000-8000-000000000012','2026-07-20'),
('daa1c888-192b-4cf6-9fc0-023e314a803f','5eed0000-0000-4000-8000-000000000012','2026-07-27'),
('daa1c888-192b-4cf6-9fc0-023e314a803f','5eed0000-0000-4000-8000-000000000012','2026-08-03'),
('daa1c888-192b-4cf6-9fc0-023e314a803f','5eed0000-0000-4000-8000-000000000012','2026-08-10'),
('daa1c888-192b-4cf6-9fc0-023e314a803f','5eed0000-0000-4000-8000-000000000013','2026-06-01'),
('daa1c888-192b-4cf6-9fc0-023e314a803f','5eed0000-0000-4000-8000-000000000013','2026-06-08'),
('daa1c888-192b-4cf6-9fc0-023e314a803f','5eed0000-0000-4000-8000-000000000013','2026-06-15'),
('daa1c888-192b-4cf6-9fc0-023e314a803f','5eed0000-0000-4000-8000-000000000013','2026-06-22'),
('daa1c888-192b-4cf6-9fc0-023e314a803f','5eed0000-0000-4000-8000-000000000013','2026-06-29'),
('daa1c888-192b-4cf6-9fc0-023e314a803f','5eed0000-0000-4000-8000-000000000013','2026-07-06'),
('daa1c888-192b-4cf6-9fc0-023e314a803f','5eed0000-0000-4000-8000-000000000013','2026-07-13'),
('daa1c888-192b-4cf6-9fc0-023e314a803f','5eed0000-0000-4000-8000-000000000013','2026-07-20'),
('daa1c888-192b-4cf6-9fc0-023e314a803f','5eed0000-0000-4000-8000-000000000013','2026-07-27'),
('daa1c888-192b-4cf6-9fc0-023e314a803f','5eed0000-0000-4000-8000-000000000013','2026-08-03'),
('daa1c888-192b-4cf6-9fc0-023e314a803f','5eed0000-0000-4000-8000-000000000013','2026-08-10'),
('daa1c888-192b-4cf6-9fc0-023e314a803f','5eed0000-0000-4000-8000-000000000014','2026-06-01'),
('daa1c888-192b-4cf6-9fc0-023e314a803f','5eed0000-0000-4000-8000-000000000014','2026-06-08'),
('daa1c888-192b-4cf6-9fc0-023e314a803f','5eed0000-0000-4000-8000-000000000014','2026-06-15'),
('daa1c888-192b-4cf6-9fc0-023e314a803f','5eed0000-0000-4000-8000-000000000014','2026-06-22'),
('daa1c888-192b-4cf6-9fc0-023e314a803f','5eed0000-0000-4000-8000-000000000014','2026-06-29'),
('daa1c888-192b-4cf6-9fc0-023e314a803f','5eed0000-0000-4000-8000-000000000014','2026-07-06'),
('daa1c888-192b-4cf6-9fc0-023e314a803f','5eed0000-0000-4000-8000-000000000014','2026-07-13'),
('daa1c888-192b-4cf6-9fc0-023e314a803f','5eed0000-0000-4000-8000-000000000014','2026-07-20'),
('daa1c888-192b-4cf6-9fc0-023e314a803f','5eed0000-0000-4000-8000-000000000014','2026-07-27'),
('daa1c888-192b-4cf6-9fc0-023e314a803f','5eed0000-0000-4000-8000-000000000014','2026-08-03'),
('daa1c888-192b-4cf6-9fc0-023e314a803f','5eed0000-0000-4000-8000-000000000014','2026-08-10'),
('daa1c888-192b-4cf6-9fc0-023e314a803f','5eed0000-0000-4000-8000-000000000015','2026-06-01'),
('daa1c888-192b-4cf6-9fc0-023e314a803f','5eed0000-0000-4000-8000-000000000015','2026-06-08'),
('daa1c888-192b-4cf6-9fc0-023e314a803f','5eed0000-0000-4000-8000-000000000015','2026-06-15'),
('daa1c888-192b-4cf6-9fc0-023e314a803f','5eed0000-0000-4000-8000-000000000015','2026-06-22'),
('daa1c888-192b-4cf6-9fc0-023e314a803f','5eed0000-0000-4000-8000-000000000015','2026-06-29'),
('daa1c888-192b-4cf6-9fc0-023e314a803f','5eed0000-0000-4000-8000-000000000015','2026-07-06'),
('daa1c888-192b-4cf6-9fc0-023e314a803f','5eed0000-0000-4000-8000-000000000015','2026-07-13'),
('daa1c888-192b-4cf6-9fc0-023e314a803f','5eed0000-0000-4000-8000-000000000015','2026-07-20'),
('daa1c888-192b-4cf6-9fc0-023e314a803f','5eed0000-0000-4000-8000-000000000015','2026-07-27'),
('daa1c888-192b-4cf6-9fc0-023e314a803f','5eed0000-0000-4000-8000-000000000015','2026-08-03'),
('daa1c888-192b-4cf6-9fc0-023e314a803f','5eed0000-0000-4000-8000-000000000015','2026-08-10') on conflict do nothing;
